{
  "means": [
    25.88607594936709,
    117.92278481012659,
    75.9506329113924,
    23.08898737340034,
    96.78101280308977,
    11.487848088107532,
    62.04227844914303,
    2.110126582278481,
    0.5253164556962026,
    24.969620253164557,
    0.25949367088607594,
    0.23164556962025318,
    0.14936708860759493,
    0.4189873417721519,
    0.30253164556962026,
    0.27848101265822783
  ],
  "stds": [
    5.758400230048408,
    13.672585981982557,
    9.918597458753444,
    7.1247060478459465,
    18.824173811191848,
    1.450754213056965,
    10.49079813245471,
    1.0904760238815299,
    0.733462113546222,
    6.993964023869778,
    0.43835682458032393,
    0.4218837514002662,
    0.3564499424161629,
    0.4933933007316352,
    0.45935416510417965,
    0.4482514230285006
  ],
  "feature_order": [
    "age",
    "systolic_bp",
    "diastolic_bp",
    "fundal_height",
    "glucose",
    "hemoglobin",
    "weight",
    "gravida",
    "parity",
    "gestational_age",
    "family_history",
    "prior_loss",
    "infection",
    "folic_none",
    "folic_first",
    "folic_ongoing"
  ]
}